{
    "Strategic Innovations, Evolving Technologies, and Competition": {
        "daily_average_scores": {
            "2024-06-25": 0.1264,
            "2024-06-26": 0.0578,
            "2024-06-27": 0.0644,
            "2024-06-28": 0.0524,
            "2024-06-29": 0.041,
            "2024-06-30": 0.1439,
            "2024-07-01": -0.0133,
            "2024-07-02": -0.0181,
            "2024-07-03": 0.0399,
            "2024-07-04": 0.0457,
            "2024-07-05": 0.0097,
            "2024-07-06": 0.0242,
            "2024-07-07": 0.1393,
            "2024-07-08": 0.0295,
            "2024-07-09": 0.0147,
            "2024-07-10": 0.0924,
            "2024-07-11": 0.0962,
            "2024-07-12": -0.0386,
            "2024-07-13": -0.0426,
            "2024-07-14": 0.009,
            "2024-07-15": 0.0859,
            "2024-07-16": 0.1402,
            "2024-07-17": 0.063,
            "2024-07-18": 0.0531,
            "2024-07-19": -0.0911,
            "2024-07-20": -0.0244,
            "2024-07-21": 0.1091,
            "2024-07-22": 0.0173,
            "2024-07-23": 0.0522,
            "2024-07-24": 0.0453,
            "2024-07-25": 0.0643,
            "2024-07-26": -0.0614
        },
        "history_average_score": 0.0415
    },
    "Regulatory Changes and Continued Regulatory Scrutiny": {
        "daily_average_scores": {
            "2024-06-25": -0.1541,
            "2024-06-26": -0.1843,
            "2024-06-27": -0.1843,
            "2024-06-28": -0.1259,
            "2024-06-29": -0.1469,
            "2024-06-30": -0.2101,
            "2024-07-01": -0.1406,
            "2024-07-02": -0.1438,
            "2024-07-03": -0.1168,
            "2024-07-04": -0.1197,
            "2024-07-05": -0.0843,
            "2024-07-06": -0.1492,
            "2024-07-07": -0.1178,
            "2024-07-08": -0.1538,
            "2024-07-09": -0.2099,
            "2024-07-10": -0.1732,
            "2024-07-11": -0.1103,
            "2024-07-12": -0.1891,
            "2024-07-13": -0.113,
            "2024-07-14": -0.144,
            "2024-07-15": -0.0841,
            "2024-07-16": -0.1451,
            "2024-07-17": -0.1639,
            "2024-07-18": -0.1499,
            "2024-07-19": -0.1739,
            "2024-07-20": -0.1989,
            "2024-07-21": -0.1057,
            "2024-07-22": -0.1134,
            "2024-07-23": -0.1067,
            "2024-07-24": -0.182,
            "2024-07-25": -0.1173,
            "2024-07-26": -0.4801
        },
        "history_average_score": -0.156
    },
    "Resiliency and Cybersecurity": {
        "daily_average_scores": {
            "2024-06-25": -0.1478,
            "2024-06-26": -0.2258,
            "2024-06-27": -0.1373,
            "2024-06-28": -0.1875,
            "2024-06-29": -0.1894,
            "2024-06-30": -0.1634,
            "2024-07-01": -0.0672,
            "2024-07-02": -0.2692,
            "2024-07-03": -0.1172,
            "2024-07-04": -0.1762,
            "2024-07-05": -0.2046,
            "2024-07-06": -0.0542,
            "2024-07-07": -0.2205,
            "2024-07-08": -0.2651,
            "2024-07-09": -0.2759,
            "2024-07-10": 0.0095,
            "2024-07-11": -0.0633,
            "2024-07-12": -0.2548,
            "2024-07-13": -0.1997,
            "2024-07-14": -0.2104,
            "2024-07-15": -0.0222,
            "2024-07-16": -0.0546,
            "2024-07-17": -0.171,
            "2024-07-18": -0.1868,
            "2024-07-19": -0.2798,
            "2024-07-20": -0.3577,
            "2024-07-21": -0.4336,
            "2024-07-22": -0.3086,
            "2024-07-23": -0.108,
            "2024-07-24": -0.314,
            "2024-07-25": -0.083,
            "2024-07-26": 0.3573
        },
        "history_average_score": -0.1682
    },
    "Geopolitical and Macroeconomic Uncertainty": {
        "daily_average_scores": {
            "2024-06-25": -0.03,
            "2024-06-26": -0.1731,
            "2024-06-27": -0.12,
            "2024-06-28": -0.1034,
            "2024-06-29": -0.0796,
            "2024-06-30": -0.1016,
            "2024-07-01": -0.1639,
            "2024-07-02": -0.163,
            "2024-07-03": -0.071,
            "2024-07-04": -0.0433,
            "2024-07-05": -0.0515,
            "2024-07-06": -0.1429,
            "2024-07-07": -0.1458,
            "2024-07-08": -0.1521,
            "2024-07-09": -0.1014,
            "2024-07-10": -0.1319,
            "2024-07-11": -0.0824,
            "2024-07-12": -0.1292,
            "2024-07-13": -0.1818,
            "2024-07-14": -0.1413,
            "2024-07-15": -0.0944,
            "2024-07-16": -0.0927,
            "2024-07-17": -0.1336,
            "2024-07-18": -0.1615,
            "2024-07-19": -0.1412,
            "2024-07-20": -0.1709,
            "2024-07-21": -0.0848,
            "2024-07-22": -0.1195,
            "2024-07-23": -0.0764,
            "2024-07-24": -0.1186,
            "2024-07-25": -0.1105,
            "2024-07-26": -0.0614
        },
        "history_average_score": -0.1148
    },
    "Human Capital": {
        "daily_average_scores": {
            "2024-06-25": -0.0643,
            "2024-06-26": -0.0359,
            "2024-06-27": -0.0544,
            "2024-06-28": -0.0579,
            "2024-06-29": 0.0447,
            "2024-06-30": -0.078,
            "2024-07-01": -0.1333,
            "2024-07-02": -0.1569,
            "2024-07-03": -0.01,
            "2024-07-04": -0.0757,
            "2024-07-05": -0.0297,
            "2024-07-06": -0.0713,
            "2024-07-07": -0.2765,
            "2024-07-08": -0.1953,
            "2024-07-09": -0.1121,
            "2024-07-10": -0.1675,
            "2024-07-11": -0.0803,
            "2024-07-12": -0.1936,
            "2024-07-13": -0.1507,
            "2024-07-14": -0.1804,
            "2024-07-15": -0.0635,
            "2024-07-16": -0.0487,
            "2024-07-17": -0.1176,
            "2024-07-18": -0.1166,
            "2024-07-19": -0.1193,
            "2024-07-20": -0.2575,
            "2024-07-21": 0.0042,
            "2024-07-22": -0.0216,
            "2024-07-23": 0.0096,
            "2024-07-24": -0.0603,
            "2024-07-25": -0.066
        },
        "history_average_score": -0.0947
    },
    "Interconnectedness Risk and Externalization of Services and Support": {
        "daily_average_scores": {
            "2024-06-25": 0.0487,
            "2024-06-26": -0.1007,
            "2024-06-27": -0.1378,
            "2024-06-28": -0.1706,
            "2024-06-29": 0.0398,
            "2024-06-30": -0.0692,
            "2024-07-01": -0.1125,
            "2024-07-02": -0.26,
            "2024-07-03": -0.0621,
            "2024-07-04": -0.1356,
            "2024-07-05": -0.0931,
            "2024-07-06": -0.1234,
            "2024-07-07": -0.2367,
            "2024-07-08": -0.2199,
            "2024-07-09": -0.1756,
            "2024-07-10": -0.0689,
            "2024-07-11": -0.0604,
            "2024-07-12": -0.2121,
            "2024-07-13": -0.1768,
            "2024-07-14": -0.1836,
            "2024-07-15": 0.0028,
            "2024-07-16": 0.0242,
            "2024-07-17": -0.2143,
            "2024-07-18": -0.0736,
            "2024-07-19": -0.2989,
            "2024-07-20": -0.3827,
            "2024-07-21": -0.2832,
            "2024-07-22": -0.2509,
            "2024-07-23": -0.1112,
            "2024-07-24": -0.1841,
            "2024-07-25": -0.0663,
            "2024-07-26": -0.0614
        },
        "history_average_score": -0.1378
    }
}